stadium,team,league,country,lat,lon
11 June Stadium,Al-Ahly/Al-Ittihad,,LBY,34.433300,35.850000
AAMI Park,Melbourne Victory FC,,AUS,28.078200,-80.753400
AAMI Stadium,Adelaide Crows FC,,AUS,-34.928700,138.598600
ABSA Stadium,The Sharks,,ZAF,-29.857900,31.029200
Abuja Stadium,National Stadium,,NGA,9.083300,7.533300
ACA-VDCA Stadium,Deccan Chargers,,IND,17.700000,83.300000
Adelaide Oval,Southern Redbacks,,AUS,-34.928700,138.598600
Ademar da Costa Carvalho,Sport Club do Recife,,BRA,-8.050000,-34.900000
Aggie Memorial Stadium,New Mexico State Aggies,,USA,32.304700,-106.641700
Aintree Racecourse,Grand National Race,,GBR,43.153200,-76.211600
Ajinamoto Stadium,FC Tokyo,,JPN,35.685000,139.751400
Al Shaab Stadium,National Stadium,,IRQ,33.338600,44.393900
Alamodome,Alamo Bowl,,USA,29.424400,-98.484200
Albert Park F1 Circuit,Race-use,,AUS,28.078200,-80.753400
Alberto J. Armando,CA Boca Juniors,,ARG,-34.587500,-58.672500
Alberto Tavares Silva,EC Flamengo,,BRA,-5.083300,-42.816700
Alejandro Villanueva,Alianza Lima,,PER,40.798800,-84.131900
Aleppo Int'l Stadium,Al-Ittihad,,SYR,39.784800,-80.488400
Aloha Stadium,Hawai'i Rainbow Warriors,,USA,21.320900,-157.838900
Alumni Stadium,Boston College Eagles,,USA,42.349600,-71.074600
AMI Stadium,Canterbury RFU,,NZL,-43.533300,172.633300
Amon Carter Stadium,TCU Horned Frogs,,USA,32.725700,-97.321400
Amsterdam ArenA,AFC Ajax,,NLD,42.969400,-74.122400
Anfield,Liverpool FC,,GBR,43.153200,-76.211600
Angel Stadium,L.A. Angels of Anaheim,,USA,33.831200,-117.867300
Ansan Wa~ Stadium,Hallelujah,,KOR,37.323600,126.821900
Antonio Vespucio Liberti,CA River Plate,,ARG,-34.587500,-58.672500
ANZ Stadium,National Stadium,,AUS,46.150000,-60.166700
Apogee Stadium,North Texas Mean Green,,USA,38.847500,-75.793200
Arena Barueri,Football-use,,BRA,-23.516700,-46.883300
Arena do Grêmio,Grêmio FBPA,,BRA,-30.033300,-51.200000
Arena Fonte Nova,EC Bahia,,BRA,-12.983300,-38.516700
Arena Lviv,Football-use,,UKR,49.840700,24.030500
Arizona Stadium,Arizona Wildcats,,USA,32.268600,-111.002200
Arlington Park,Horse-Racing use,,USA,42.113000,-87.980700
Arrowhead Stadium,Kansas City Chiefs,,USA,39.106800,-94.566000
Ascot Racecourse,Horse Racing-use,,GBR,-36.700000,144.333300
Asim Ferhatovic Hase,FK Sarajevo,,BIH,43.850000,18.383300
AT&T Park,San Francisco Giants,,USA,37.731200,-122.382600
Atatürk Olimpiyat Stadi,National Stadium,,TUR,41.018600,28.964700
Athens Olympic Stadium,AEK FC,,GRC,42.282300,-73.829400
Atlanta Motor Speedway,Race-use,,USA,37.062700,-76.405200
Auto Club Raceway,Race-use,,USA,34.039000,-117.754800
Auto Club Speedway,Race-use,,USA,34.088100,-117.464800
Autodromo di Monza,Race-use,,ITA,45.583300,9.266700
Autódromo Nelson Piquet,Race-use,,BRA,-22.900000,-43.233300
Autzen Stadium,Oregon Ducks,,USA,44.069000,-123.082500
Aviva Stadium,National Stadium,,IRL,40.117600,-83.126500
Azadi Stadium,Perspolis Tehran,,IRN,35.726100,51.330400
B. Snyder Family Stadium,Kansas State Wildcats,,USA,39.248300,-96.684900
Baba Yara Stadium,Asante Kotoko,,GHA,6.683300,-1.616700
Bangabandhu Stadium,Brothers Union,,BGD,23.723100,90.408600
Bank of America Stadium,Carolina Panthers,,USA,35.123200,-80.934300
Bao'an Stadium,Shenzhen Moutai Ruby,,CHN,22.533300,114.133300
BayArena,Bayer Leverkusen,,DEU,51.016700,6.983300
BC Place Stadium,BC Lions,,CAN,45.602300,-122.516700
Beaver Stadium,Penn State Nittany Lions,,USA,40.807700,-77.861400
Beijing National Stadium,National Stadium,,CHN,39.928900,116.388300
Belmont Park,Horse-Racing use,,USA,40.702100,-73.706200
Ben Hill Griffin Stadium,Florida Gators,,USA,34.313800,-83.809500
Besiktas Inönü Stadi,Besiktas JK,,TUR,41.018600,28.964700
BH Networks Stadium,UCF Knights,,USA,28.588300,-81.243900
Big Arch Stadium,Sanfrecce Hiroshima,,JPN,34.396300,132.459400
Big Crown Stadium,Ulsan Hyundai Tigers,,KOR,35.537200,129.316700
Bobby Dodd at Grant Field,GT Yellow Jackets,,USA,-25.207000,27.565500
Boleyn Ground,West Ham United,,GBR,-24.766700,30.866700
Boone Pickens Stadium,Oklahoma State Cowboys,,USA,36.188500,-97.057400
Borg el Arab Stadium,Football-use,,EGY,31.198100,29.919200
Boris Paichadze Stadium,National Stadium,,GEO,41.725000,44.790800
Botchan Stadium,Ehime Mandarin Pirates,,JPN,33.841700,132.766100
Bramall Lane,Sheffield United FC,,GBR,42.877200,-93.212800
Breffni Park,Cavan County,,IRL,53.990800,-7.360600
Bristol Motor Speedway,Race-use,,USA,41.681600,-72.940500
Bronco Stadium,Boise State Broncos,,USA,43.561000,-116.213500
Browns Stadium,Cleveland Browns,,USA,41.437900,-81.536600
Bryant Denny Stadium,Alabama Crimson Tide,,USA,33.332300,-87.474100
Bukit Jalil Stadium,National Stadium,,MYS,3.166700,101.700000
Bulldog Stadium,Fresno State Bulldogs,,USA,36.840000,-119.828500
Bung Karno Stadium,National Stadium,,IDN,-6.174400,106.829400
Bung Tomo Stadium,Persebaya Surabaya,,IDN,-7.249200,112.750800
Byrd Stadium,Maryland Terrapins,,USA,39.001200,-76.931700
Cairo Int'l Stadium,El-Ahly,,EGY,30.050000,31.250000
Cajun Field,ULL Ragin' Cajuns,,USA,36.527800,-86.005800
Calder Park Raceway,Race-use,,AUS,28.078200,-80.753400
Camille Chamoun Stadium,Al-Nejmeh SC,,LBN,33.871900,35.509700
Camp Randall Stadium,Wisconsin Badgers,,USA,36.255800,-86.699100
Candlestick Park,San Francisco 49ers,,USA,37.731200,-122.382600
Cape Town Stadium,Ajax Cape Town,,ZAF,-33.925800,18.423200
Carrier Dome,Syracuse Orangemen,,USA,43.034700,-76.072900
Carter Finley Stadium,N.C. State Wolfpack,,USA,35.818100,-78.563600
Casement Park,Antrim County,,GBR,44.473500,-69.055100
Caulfield Racecourse,Horse Racing-use,,AUS,28.078200,-80.753400
CCM Kirumba Stadium,Pamba,,TZA,-2.516700,32.900000
Celtic Park,Celtic FC,,GBR,36.937600,-85.946300
Century Lotus Stadium,Guangdong Sports Lottery,,CHN,23.026800,113.131500
CenturyLink Field,Seattle Seahawks,,USA,47.602600,-122.328400
Changchun City Stadium,Changchun Yatai,,CHN,43.880000,125.322800
Charlotte Motor Speedway,Race-use,,USA,35.419800,-80.674800
Chase Field,Arizona Diamondbacks,,USA,33.558600,-112.095500
Cheltenham Racecourse,Horse Racing use,,GBR,38.741700,-76.837800
Chengdu Sports Center,Chengdu Blades,,CHN,30.666700,104.066700
Chicago Motor Speedway,Race-use,,USA,41.840600,-87.758800
Chicagoland Speedway,Race-use,,USA,41.508500,-88.227800
Chinnaswamy Stadium,Royal Challengers,,IND,12.983300,77.583300
CHIO Hauptstadion,Equestrian-use,,DEU,50.770800,6.105300
Churchill Downs,Horse Racing-use,,USA,38.085800,-85.849500
Cidade de Coimbra,Académica de Coimbra,,PRT,40.205600,-8.419600
Circuit Bugatti,Race-use,,FRA,48.000400,0.204700
Circuit of the Americas,Race-use,,USA,30.205800,-97.800200
Circuit Zandvoort,Race-use,,NLD,52.371400,4.527000
Citi Field,New York Mets,,USA,40.752800,-73.972500
Citizens Bank Park,Philadelphia Phillies,,USA,39.952400,-75.165300
City of M'ster Stadium,Manchester City,,GBR,42.940300,-71.443500
Ciudad de Vicente López,Platense,,ARG,-34.587500,-58.672500
Club Hípico de Santiago,Horse Racing-use,,CHL,-33.450000,-70.666700
Cluj Arena,FC Universitatea Cluj,,ROM,46.766700,23.600000
Coca-Cola Park,Golden Lions RU,,ZAF,-26.205200,28.049800
Coface Arena,FSV Mainz 05,,DEU,50.000000,8.271100
Comerica Park,Detroit Tigers,,USA,42.367900,-83.138600
Commonwealth Stadium,Edmonton Eskimos,,CAN,53.550000,-113.500000
Coors Field,Colorado Rockies,,USA,39.752500,-104.999500
Cotton Bowl,Texas-Oklahoma Game,,USA,32.782500,-96.820700
Cowboys Stadium,Dallas Cowboys,,USA,38.860000,-77.098700
Croke Park,National Stadium,,IRL,40.117600,-83.126500
Darlington Raceway,Race-use,,USA,34.277700,-79.862600
Datianwan Stadium,Multi-use,,CHN,29.562800,106.552800
Davis Wade Stadium,Mississippi State Bulldogs,,USA,33.425900,-88.830300
Daytona Int'l Speedway,Race-use,,USA,29.162200,-81.007500
Dinamo Stadion,Dinamo Moskva/CSKA,,RUS,46.717200,-116.917900
Dix Stadium,Kent State Golden Flashes,,USA,47.408400,-122.195700
DKR-Texas Memorial Stadium,Texas Longhorns,,USA,30.205800,-97.800200
Doak Campbell Stadium,Florida State Seminoles,,USA,30.580200,-84.126600
Dodger Stadium,L.A. Dodgers,,USA,34.039600,-118.266100
Don León Kolbovski,Atlanta,,ARG,-34.587500,-58.672500
Donbass Arena,FC Shakhtar Donetsk,,UKR,47.991700,37.775900
Donington Park Circuit,Race-use,,GBR,41.333300,-73.101900
Dover Int'l Speedway,Race-use,,USA,39.181700,-75.597100
Dowdy Ficklen Stadium,E. Carolina Pirates,,USA,35.687600,-77.166100
Doyt L. Perry Stadium,Bowling Green Falcons,,USA,37.094100,-86.428600
Dr. Lisandro de la Torre,Rosario Central,,ARG,-32.946800,-60.639300
Dubai Autodrome,Race-use,,ARE,25.258200,55.304700
Eden Park,Auckland RFU,,NZL,-36.866700,174.766700
Elland Road,Leeds United,,GBR,33.514700,-86.553200
Elmo Serejo Farias,Brasiliense FC,,BRA,-12.465600,-46.366900
Emirates Stadium,Arsenal FC,,GBR,-24.766700,30.866700
Estádio 11 de Novembro,National Stadium,,AGO,-8.838300,13.234400
Estádio Algarve,SC Farense,,PRT,37.019400,-7.932200
Estádio Alvalade XXI,Sporting Portugal,,PRT,44.207900,-71.883900
Estadio Balaidos,Celta de Vigo,,ESP,42.232800,-8.722600
Estadio Banco Pichincha,Barcelona SC,,ECU,-2.166700,-79.900000
Estadio Benito Villamarín,Real Betis Balompié,,ESP,37.382400,-5.976100
Estádio Brinco de Ouro,Guaraní FC,,BRA,-22.900000,-47.083300
Estadio Caliente,Club Tijuana,,MEX,32.533300,-117.016700
Estadio Casa Blanca,LDU Quito,,ECU,-0.216700,-78.500000
Estadio Centenario,National Stadium,,URY,-34.858100,-56.170800
Estadio Chacarita Juniors,CA Chacarita Juniors,,ARG,-34.587500,-58.672500
Estadio Ciudad de La Plata,Estudiantes de La Plata,,ARG,38.516300,-77.015400
Estádio Couto Pereira,Coritiba FC,,BRA,-25.416700,-49.250000
Estadio Cuauhtémoc,Puebla,,MEX,19.050000,-98.200000
Estadio Cuscatlán,National Stadium,,SLV,43.392600,-3.806000
Estadio da Cidadela,Atlético Sport Aviação,,AGO,-8.838300,13.234400
Estádio da Luz,SL Benfica,,PRT,44.207900,-71.883900
Estádio da Machava,Ferroviário Maputo,,MOZ,-25.965300,32.589200
Estadio de Gran Canaria,UD Las Palmas,,ESP,28.099700,-15.413400
Estadio del Centenario,CA Sarmiento,,ARG,-27.460600,-58.983900
Estadio Dennis Martinez,National Stadium,,NIC,12.150800,-86.268300
Estadio Deportivo Calí,Deportivo Calì,,COL,40.783300,16.000000
Estádio do Dragão,FC Porto,,PRT,41.149600,-8.611000
Estádio do Maracanã,CR Flamengo,,BRA,-22.900000,-43.233300
Estádio do Restelo,CF Os Belenenses,,PRT,44.207900,-71.883900
Estádio do Zimpeto,National Stadium,,MOZ,-25.965300,32.589200
Estadio Felix Capriles,Jorge Wilstermann,,BOL,-17.383300,-66.150000
Estadio Florencio Solá,CA Banfield,,ARG,-34.587500,-58.672500
Estádio Francisco Stédile,SER Caxias do Sul,,BRA,-29.168900,-51.178500
Estadio Hernando Siles,Club Bolívar,,BOL,-16.500000,-68.150000
Estadio J.A. Anzoátegui,Deportivo Anzoátegui,,VEN,5.166700,-66.533300
Estadio J.C. Zerillo,Gimnasia y Esgrima,,ARG,38.516300,-77.015400
Estadio J.E. Romero,UA Maracaibo,,VEN,10.631700,-71.640600
Estádio Jacy Scaff,Londrina EC,,BRA,-23.300000,-51.150000
Estadio Jalisco,Club Atlas,,MEX,20.666700,-103.333300
Estadio José Amalfitani,CA Vélez Sársfield,,ARG,-34.587500,-58.672500
Estadio La Cartuja,Multi-use,,ESP,37.382400,-5.976100
Estadio La Romareda,Real Zaragoza,,ESP,41.645300,-0.884900
Estadio Latinoamericano,Industriales,,CUB,21.361400,-78.336100
Estadio M. Alemán Valdés,Club Celaya,,MEX,20.516700,-100.816700
Estádio Machado,América FC,,BRA,-5.783300,-35.216700
Estádio Magalhães Pinto,Cruzeiro EC,,BRA,-19.916700,-43.933300
Estádio Manoel Barradas,EC Vitória,,BRA,-12.983300,-38.516700
Estádio Mario Helênio,SC Juiz de Fora,,BRA,-21.751700,-43.352800
Estadio Mestalla,Valencia CF,,ESP,34.418000,-118.566200
Estadio Metropolitano,Junior CPD,,COL,10.963900,-74.796400
Estadio Modelo A. Spencer,Multi-use,,ECU,-2.166700,-79.900000
Estadio Monumental U,Universitario,,PER,40.798800,-84.131900
Estadio Morelos,Morelia,,MEX,19.700000,-101.116700
Estadio Nacional,National Stadium,,PER,40.798800,-84.131900
Estádio Nacional,National Stadium,,PRT,44.207900,-71.883900
Estadio Nueva Condomina,Real Murcia CF,,ESP,37.987000,-1.130000
Estadio Nueva España,Deportivo Español,,ARG,-34.587500,-58.672500
Estádio O Amigão,Campinense Clube,,BRA,-7.216700,-35.883300
Estadio Omnilife,CD Guadalajara,,MEX,20.716700,-103.400000
Estadio Panamericano,National Team,,CUB,21.361400,-78.336100
Estadio Pedro Bidegaín,CA San Lorenzo,,ARG,-34.587500,-58.672500
Estádio Plácido Castelo,Ceará SC,,BRA,-18.550000,-54.766700
Estádio Roberto Santos,EC Bahia,,BRA,-12.983300,-38.516700
Estadio San Mamés,Athletic de Bilbao,,ESP,43.260900,-2.938800
Estadio Tecnologico,Rayados del Monterrey,,MEX,25.666700,-100.316700
Estadio Universitario,Potros UAEM,,MEX,40.985000,-89.152100
Estádio Vivaldo Lima,Nacional FC,,BRA,-3.113300,-60.025300
Etihad Stadium,Multi-use,,AUS,28.078200,-80.753400
EverBank Field,Jacksonville Jaguars,,USA,30.353300,-81.499000
Ewood Park,Blackburn Rovers,,GBR,53.750000,-2.483300
Faurot Field,Missouri Tigers,,USA,39.043700,-92.271400
Félix Houphouet-Boigny,National Stadium,,CIV,5.309700,-4.012700
Fengtai Stadium,Beijing Yitong Kuche,,CHN,39.928900,116.388300
Fenway Park,Boston Red Sox,,USA,42.349600,-71.074600
Fernanda Pires da Silva,Race-use,,PRT,38.716100,-9.392300
Feroz Shah Kotla,Delhi Daredevils,,IND,28.600000,77.200000
Fitzgerald Stadium,Kerry County,,IRL,52.050000,-9.516700
Flemington Racecourse,Horse Racing-use,,AUS,28.078200,-80.753400
Florida Citrus Bowl,Orlando City SC,,USA,28.588300,-81.243900
Floyd Casey Stadium,Baylor Bears,,USA,31.478900,-97.092600
Floyd Stadium,MTSU Blue Raiders,,USA,34.113900,-93.708900
Folsom Field Stadium,Colorado Buffaloes,,USA,40.087800,-105.373500
Ford Field,Detroit Lions,,USA,42.367900,-83.138600
Forsyth Barr Stadium,Otago RFU,,NZL,28.028800,-82.768900
Franklin Field,Pennsylvania Quakers,,USA,39.952400,-75.165300
Fred Yager Stadium,Miami-Ohio RedHawks,,USA,34.340200,-89.483300
Friends Arena,AIK Fotboll,,SWE,59.366700,18.016700
Fritz Walter Stadion,1.FC Kaiserslautern,,DEU,49.450000,7.750000
Fukuoka Dome,Fukuoka SoftBank Hawks,,JPN,33.606400,130.418100
Fukushima Racecourse,Horse-Racing use,,JPN,37.750000,140.467800
Gadaffi Hockey Stadium,Hockey-use,,PAK,31.549700,74.343600
Gaddafi Stadium,Cricket-use,,PAK,31.549700,74.343600
Gaelic Grounds,Limerick County,,IRL,52.664700,-8.623100
Gateway Int'l Raceway,Race-use,,USA,36.255800,-86.699100
Gateway Stadium,Football-use,,NGA,7.150000,3.350000
Gaylord Family Stadium,Oklahoma Sooners,,USA,35.233000,-97.412200
Gedebage Stadium,Persib Bandung,,IDN,-6.903900,107.618600
Georgia Dome,Atlanta Falcons,,USA,-25.207000,27.565500
Gerald J. Ford Stadium,SMU Mustangs,,USA,40.807700,-77.861400
Ghadir Stadium,Foolad FC,,IRN,31.320300,48.669300
Gillette Stadium,New England Patriots,,USA,42.060800,-71.233700
Glücksgas Stadion,SG Dynamo Dresden,,DEU,36.336500,-88.671400
Goodison Park,Everton FC,,GBR,43.153200,-76.211600
Grand Stade de Marrakech,KAC Marrakech,,MAR,31.631500,-8.008300
Grand Stade de Tanger,Ittihad de Tanger,,MAR,35.780600,-5.813600
Great American Ball Park,Cincinnati Reds,,USA,39.166800,-84.538200
Grolsch Veste,FC Twente,,NLD,52.219500,6.891200
Guangdong Stadium,Multi-use,,CHN,23.116700,113.250000
Hampden Park,Queens Park,,GBR,36.937600,-85.946300
Hanshin Racecourse,Horse-Racing use,,JPN,43.366700,144.433300
Harvard Stadium,Harvard Crimson,,USA,42.349600,-71.074600
Heinz Field,P'burgh Steelers/Panthers,,USA,40.449500,-79.988000
Hernan Ramirez Villegas,Deportivo Pereira,,COL,4.813300,-75.696100
HH Humphrey Metrodome,Minnesota Twins,,USA,45.005900,-93.430500
Hillsborough,Sheffield Wednesday,,GBR,42.877200,-93.212800
Hipódromo Argentino,Horse-Racing use,,ARG,-34.587500,-58.672500
Hipódromo da Gávea,Horse Racing-use,,BRA,-22.900000,-43.233300
Hipódromo de San Isidro,Horse-Racing use,,ARG,-34.471400,-58.507800
Hippodrome d'Auteuil,Horse Racing-use,,FRA,38.213300,-84.225600
Hippodrome de Longchamp,Horse Racing-use,,FRA,38.213300,-84.225600
Hippodrome de Vincennes,Horse Racing-use,,FRA,38.213300,-84.225600
Hockenheimring,Race-use,,DEU,49.322800,8.545800
Holmenkollen Stadion,Ski-jumping use,,NOR,59.916700,10.750000
Hongkou Stadium,Shenhua FC,,CHN,31.045600,121.399700
Horner Rennbahn,Horse Racing-use,,DEU,33.226500,-91.791200
Hrazdan Stadium,National Stadium,,ARM,40.181100,44.513600
Hunter Stadium,Newcastle Knights RLC,,AUS,-27.758000,29.931800
Huskie Stadium,Northern Illinois Huskies,,USA,32.753900,-88.721900
Husky Stadium,Washington Huskies,,USA,47.602600,-122.328400
Hypo-Arena,SK Austria Kärnten,,AUT,46.624700,14.305300
Ibrox Stadium,Rangers FC,,GBR,36.937600,-85.946300
Imtech Arena,Hamburger SV,,DEU,33.226500,-91.791200
Inca Garcilaso de la Vega,ADFP Cienciano,,PER,-13.518300,-71.978100
Independence Park,National Stadium,,JAM,41.938900,-73.990100
Independence Stadium,MainStay Indep. Bowl,,USA,32.618800,-93.885200
Indian Stadium,Arkansas State Indians,,USA,35.886400,-90.642500
Infineon Raceway,Race-use,,USA,38.243300,-122.460200
International Speedway,Race-use,,USA,35.710200,-84.374300
Istanbul Park,Race-use,,TUR,41.018600,28.964700
Izmir Atatürk Stadi,Göztepe SK,,TUR,38.412700,27.138400
Jack Trice Stadium,Iowa State Cyclones,,USA,42.030000,-93.590500
Jalak Harupat Soreang,Persikab Bandung,,IDN,-6.903900,107.618600
Jamsil Stadium,LG Twins,,KOR,37.598500,126.978300
Jawaharlal Nehru Stadium,Football-use,,IND,13.083300,80.283300
Jeque Zayed Stadium,National Stadium,,ARE,24.466700,54.366700
Jiangwan Sports Centre,Multi-use,,CHN,31.045600,121.399700
Jingu Stadium,Yakult Swallows,,JPN,35.685000,139.751400
Jinnah Sport Stadium,ZTBL FC,,PAK,33.690000,73.055100
Joan C. Edwards Stadium,Marshall Thundering Herd,,USA,38.368500,-82.424500
Jockey Club Monterrico,Horse Racing-use,,PER,40.798800,-84.131900
Joe Aillet Stadium,Louisiana Tech Bulldogs,,USA,32.515100,-92.626200
Johannesburg Stadium,Jomo Cosmos FC,,ZAF,-26.205200,28.049800
Jones AT&T Stadium,Texas Tech Red Raiders,,USA,33.590300,-101.851900
Jordan Hare Stadium,Auburn Tigers,,USA,47.310100,-122.204200
José do Rego Maciel,Santa Cruz FC,,BRA,-8.050000,-34.900000
José Luis Meiszner,Quilmes AC,,ARG,-34.724200,-58.252600
José Maria Minella,CA Aldosivi,,ARG,-38.002300,-57.557500
José Pinheiro Borda,SC Internacional,,BRA,-30.033300,-51.200000
Juventus Arena,Juventus FC,,ITA,45.050000,7.666700
Kadir Has Stadi,Kayserispor,,TUR,38.732200,35.485300
Kamuzu Stadium,Big Bullets,,MWI,-15.783300,35.000000
Kansas Speedway,Race-use,,USA,39.106800,-94.566000
Kaohsiung Stadium,Taipower FC,,TWN,22.633300,120.350000
Karachi National Stadium,Karachi CA,,PAK,24.905600,67.082200
Kauffman Stadium,Kansas City Royals,,USA,39.106800,-94.566000
Kenan Stadium,N. Carolina Tar Heels,,USA,35.966600,-79.041000
Kensington Oval,Barbados Cricket,,BRB,13.100000,-59.616700
Kentucky Speedway,Race-use,,USA,41.054400,-74.617100
Khalifa Int'l Stadium,National Stadium,,QAT,25.286700,51.533300
Khimik Stadion,Kuzbass Kemerovo,,RUS,55.333300,86.083300
King Abdul Aziz,Al Wahda,,SAU,21.426700,39.826100
King Fahd Int'l Stadium,Al Hilal/Shabab,,SAU,24.653700,46.715200
Kinnick Stadium,Iowa Hawkeyes,,USA,41.669500,-91.513300
Koning Boudewijn Stadion,National Stadium,,BEL,50.833300,4.333300
Koshien Stadium,Hanshin Tigers,,JPN,34.716700,135.333300
Kuban Stadion,FK Kuban Krasnodar,,RUS,45.048800,38.972500
Kyle Field,Texas A&M Aggies,,USA,30.613100,-96.321700
Kyoto Racecourse,Horse-Racing use,,JPN,35.021400,135.755600
L.A. Memorial Coliseum,USC Trojans,,USA,34.039600,-118.266100
L'Estadi (Camp Nou),FC Barcelona,,ESP,41.398400,2.174100
Ladd Peebles Stadium,South Alabama Jaguars,,USA,30.658600,-88.353500
Lambeau Field,Green Bay Packers,,USA,44.488900,-88.070400
Lane Stadium,Virginia Tech Hokies,,USA,37.266900,-80.432500
Las Vegas Motor Speedway,Race-use,,USA,36.110000,-115.211800
LaVell Edwards Stadium,BYU Cougars,,USA,40.339300,-111.570900
Legion Field Stadium,UAB Blazers,,USA,33.446800,-86.740400
Léopold Sédar Senghor,National Stadium,,SEN,14.670800,-17.438100
Levy Mwanawasa Stadium,National Stadium,,ZMB,-12.966700,28.633300
Libertadores de América,CA Independiente,,ARG,-29.117600,-59.658300
Liberty Bowl,Memphis Tigers,,USA,35.185000,-90.093600
Liberty Stadium,Football-use,,NGA,7.387800,3.896400
Lincoln Financial Field,Philadelphia Eagles,,USA,39.952400,-75.165300
Lokomotiv Stadion,FK Lokomotiv Moskva,,RUS,46.717200,-116.917900
LP Field,Titans/State Tigers,,USA,36.147300,-86.777000
Lucas Oil Stadium,Indianapolis Colts,,USA,39.793000,-86.285300
Luis Pirata Fuente,Tiburones Rojos Veracruz,,MEX,19.200000,-96.133300
Luzhniki Stadion,Spartak/CSKA Moskva,,RUS,46.717200,-116.917900
Lysgårdsbakkene,Ski-jumping use,,NOR,61.133300,10.500000
M&T Bank Stadium,Baltimore Ravens,,USA,39.290400,-76.612200
MA Chidambaram Stadium,Chennai Super Kings,,IND,13.083300,80.283300
Mackay Stadium,Nevada Wolf Pack,,USA,39.489600,-119.749200
Madya Stadium,Multi-use,,IDN,-6.174400,106.829400
Malone Stadium,Louisiana-Monroe Indians,,USA,41.950500,-83.445700
Malvinas Argentinas,Godoy Cruz,,ARG,-32.890800,-68.827200
Marlins Park,Florida Marlins,,USA,25.938800,-80.214400
Martin Stadium,WSU Cougars,,USA,46.732200,-117.245500
Martinsville Speedway,Race-use,,USA,36.726600,-79.866700
Mazda Stadium,Hiroshima Toyo Carp,,JPN,34.396300,132.459400
Mbombela Stadium,Mpumalanga Black Aces,,ZAF,-25.474500,30.970300
McHale Park,Mayo County,,IRL,53.850000,-9.300000
McMahon Stadium,Calgary Stampeders,,CAN,51.083300,-114.083300
Melbourne Cricket Ground,Multi-use,,AUS,28.078200,-80.753400
Memorial Stadium,California Golden Bears,,USA,37.864600,-122.287700
Mercedes-Benz Arena,VfB Stuttgart,,DEU,34.439600,-91.529800
Mercedes-Benz Superdome,New Orleans Saints,,USA,29.958900,-90.156800
MetLife Stadium,New York Giants/Jets,,USA,40.813200,-74.073800
Metropolitano de Lara,CD Lara,,VEN,10.073900,-69.322800
Miami Speedway,Race-use,,USA,25.490300,-80.418700
Michie Stadium,Army Black Knights,,USA,33.652100,-88.695300
Michigan Int'l Speedway,Race-use,,USA,40.698100,-73.957100
Michigan Stadium,Michigan Wolverines,,USA,42.273400,-83.713300
Millennium Stadium,National Stadium,,GBR,33.645700,-86.933600
Miller Park,Milwaukee Brewers,,USA,43.043400,-87.894500
Minute Maid Park,Houston Astros,,USA,29.868800,-95.538000
Misaki Park Stadium,Vissel Kobe,,JPN,34.691300,135.183000
Mohamed Bin Zayed Stadium,Al Jazira,,ARE,24.466700,54.366700
Molineux Stadium,Wolverhampton Wanderers,,GBR,52.583300,-2.133300
Monumental David Arellano,CSD Colo Colo,,CHL,-33.450000,-70.666700
Monumental UNSA,IDUNSA,,PER,-16.398900,-71.535000
Mosaic Stadium,Saskatchewan Roughriders,,CAN,50.450000,-104.616700
Moses Mabhida Stadium,AmaZulu FC,,ZAF,-29.857900,31.029200
Mountaineer Field,West Virginia Mountaineers,,USA,37.167000,-86.749700
Mt Smart Stadium,N.Z. Warriors RLC,,NZL,-36.866700,174.766700
Mubarak Stadium,El Qanah,,EGY,29.966700,32.550000
Mühlenkopfschanze,Ski-jumping-use,,DEU,51.300000,8.616700
Municipal de Aveiro,Beira-Mar,,PRT,40.644300,-8.645500
Municipal de Braga,Sporting de Braga,,PRT,41.550300,-8.420100
Murrayfield,Edinburgh Rugby,,GBR,39.384700,-85.902300
My Dinh Stadium,National Stadium,,VNM,21.033300,105.850000
Nagai Stadium,Cerezo Osaka,,JPN,34.686400,135.520000
Nagoya Dome,Chunichi Dragons,,JPN,35.180200,136.906700
Nakayama Racecourse,Horse-Racing use,,JPN,35.604700,140.123300
Namboole Stadium,National Stadium,,UGA,0.315600,32.565600
Nashville Superspeedway,Race-use,,USA,40.642100,-74.820000
National Arena,National Team,,ROM,44.433300,26.100000
National Complex,National Stadium,,LBR,34.153900,-117.991900
National Olympic,Khemera FC,,KHM,11.550000,104.916700
National Sports Stadium,National Stadium,,ZWE,-17.817800,31.044700
National Stadium,National Stadium,,SLE,8.490000,-13.234200
Nationals Ballpark,Washington Nationals,,USA,38.874900,-77.032500
Nazareth Speedway,Race-use,,USA,40.753000,-75.306200
Negeri Pulau Pinang,Penang FA,,MYS,5.411200,100.335400
Nelson Mandela Stadium,Mighty Elephants,,ZAF,-33.918000,25.570100
Neuer Tivoli,Alemannia Aachen,,DEU,50.770800,6.105300
Newlands Stadium,Stormers Super 14,,ZAF,-33.925800,18.423200
Newmarket Racecourse,Horse Racing use,,GBR,44.058000,-79.452600
Neyland Stadium,Tennessee Volunteers,,USA,36.058200,-83.914700
Niigata Racecourse,Horse-Racing use,,JPN,37.902200,139.023600
Niigata Stadium,Albirex Niigata,,JPN,37.902200,139.023600
Nippert Stadium,Cincinnati Bearcats,,USA,39.166800,-84.538200
Notre Dame Stadium,Notre Dame Fighting Irish,,USA,41.683400,-86.250000
Nottingham City Ground,Nottingham Forest,,GBR,39.389200,-76.492000
O.co Coliseum,Oakland Raiders,,USA,35.219900,-89.499600
Ohene Djan Stadium,National Stadium,,GHA,5.550000,-0.216700
Ohio Stadium,Ohio State Buckeyes,,USA,39.892800,-82.958800
Old Trafford,Manchester United,,GBR,42.940300,-71.443500
Olímpic Lluís Companys,Multi-use,,ESP,41.398400,2.174100
Olímpico Atahualpa,National Stadium,,ECU,-0.216700,-78.500000
Olímpico João Havelange,Botafogo FR,,BRA,-22.900000,-43.233300
Olimpico Metropolitano,CD Marathon,,HND,15.500000,-88.033300
Olímpico Monumental,Football-use,,BRA,-30.033300,-51.200000
Olympiastadion,Hertha BSC,,DEU,44.433800,-71.270700
Olympic Center Stadium,Tianjin Songjiang,,CHN,39.142200,117.176700
Olympic Sports Center,Jiangsu Guoxin Sainty FC,,CHN,32.061700,118.777800
Olympic Sports Centre,Chongqing FC,,CHN,29.562800,106.552800
Olympic Stadium,Multi-use,,GBR,-24.766700,30.866700
Oriole Park at Camden Yards,Baltimore Orioles,,USA,39.290400,-76.612200
Orlando Stadium,Moroka Swallows,,ZAF,28.588300,-81.243900
Osaka Dome,Orix Buffaloes,,JPN,34.686400,135.520000
Oscar Alfredo Galvez,Race-use,,ARG,-34.587500,-58.672500
Oulton Park,Race-use,,GBR,53.150000,-2.666700
Páirc Uí Chaoimh,Cork County,,IRL,51.898600,-8.495800
Paju Public Stadium,Multi-use,,KOR,60.783300,22.683300
Panathenaic Stadium,Multi-use,,GRC,42.282300,-73.829400
Parc des Princes,Paris Saint-Germain,,FRA,38.213300,-84.225600
Parque Independencia,Newell's Old Boys,,ARG,-32.946800,-60.639300
Paul Brown Stadium,Cincinnati Bengals,,USA,39.166800,-84.538200
Pearse Stadium,Galway County,,IRL,53.271900,-9.048900
Pendleton Round-Up,Rodeo-use,,USA,45.735400,-118.797700
Peoples Football Stadium,HBL FC,,PAK,24.905600,67.082200
Perak Stadium,Perak FA,,MYS,4.584100,101.082900
PETCO Park,San Diego Padres,,USA,32.901400,-117.207900
PGE Arena Gdansk,Lechia Gdansk,,POL,54.360800,18.658300
Phakisa Freeway,Race-use,,ZAF,-27.986400,26.706600
Philip II Arena,National Stadium,,MKD,42.000000,21.433300
Philips Stadion,PSV,,NLD,51.450000,5.466700
Phoenix Int'l Raceway,Race-use,,USA,33.558600,-112.095500
Pikes Peak Int'l Raceway,Race-use,,USA,35.694200,-77.629400
Pimlico Race Course,Horse-Racing use,,USA,39.290400,-76.612200
PJ Cardinal Stadium,Louisville Cardinals,,USA,38.085800,-85.849500
Plovdiv Stadion,Multi-use,,BGR,42.150000,24.750000
PNC Park,Pittsburgh Pirates,,USA,40.449500,-79.988000
Pocono Raceway,Race-use,,USA,41.060500,-75.461600
Pontiac Silverdome,Football-use,,USA,42.644000,-83.279600
Portland Int'l Raceway,Race-use,,USA,45.469100,-122.553500
Portman Road,Ipswich Town,,GBR,42.682500,-70.847000
Premadasa Stadium,National Stadium,,LKA,6.931900,79.847800
Presidente Perón,Racing Club,,ARG,-29.117600,-59.658300
Pride Park,Derby County,,GBR,41.333300,-73.101900
Prince Mohamed bin Fahd,Al Ittifaq,,SAU,26.434400,50.103300
Princes Park,Multi-use,,AUS,28.078200,-80.753400
Progressive Field,Cleveland Indians,,USA,41.437900,-81.536600
Qualcomm Stadium,San Diego Chargers,,USA,32.901400,-117.207900
Queensland Centre,Athletics-use,,AUS,37.686100,-122.410700
Rajamangala Stadium,National Stadium,,THA,13.754000,100.501400
Rajiv Gandhi Stadium,Deccan Chargers,,IND,17.375300,78.474400
Ralph Wilson Stadium,Buffalo Bills,,USA,42.744200,-78.744200
Ramón Sánchez Pizjuán,Sevilla FC,,ESP,37.382400,-5.976100
Ramón Tahuichi Aguilera,Blooming Santa Cruz,,BOL,37.044800,-122.102100
Rangers Ballpark,Texas Rangers,,USA,38.860000,-77.098700
Ranji Stadium,Kolkata Knight Riders,,IND,22.569700,88.369700
Raymond James Stadium,Tampa Bay Buccaneers,,USA,27.943000,-82.524000
Razorback Stadium,Arkansas Razorbacks,,USA,35.078500,-78.933600
Red Bull Arena,Red Bull Salzburg,,AUT,47.800000,13.033300
Reliant Stadium,Houston Texans,,USA,29.868800,-95.538000
Rentschler Field,UConn Huskies,,USA,41.777600,-72.621400
Republikan Spartak,FK Alania Vladikavkaz,,RUS,43.036700,44.667800
Reser Stadium,Oregon State Beavers,,USA,44.469800,-123.343000
rewirpowerSTADION,VfL Bochum,,DEU,51.483300,7.216700
RFK Memorial Stadium,DC United,,USA,38.874900,-77.032500
Riau Main Stadium,Football-use,,IDN,0.533300,101.450000
Rice Stadium,Rice Owls,,USA,29.868800,-95.538000
Rice-Eccles Stadium,Utah Utes,,USA,40.760800,-111.891100
Richmond Int'l Raceway,Race-use,,USA,37.585800,-77.488800
Ricoh Arena,Coventry City FC,,GBR,41.693300,-71.639500
Riverside Stadium,Middlesbrough FC,,GBR,54.572800,-1.162800
Roberts Stadium,S. Miss Golden Eagles,,USA,31.262200,-89.272300
Rockingham Speedway,Race-use,,GBR,52.483300,-0.666700
Rockingham_Speedway,Race-use,,USA,34.930200,-79.767000
Rogers Centre,Toronto Argonauts,,CAN,40.490300,-80.670900
Rose Bowl Stadium,UCLA Bruins,,USA,34.137900,-118.129600
Route de Lorient,Stade Rennais FC,,FRA,48.112000,-1.674300
Royal Windsor Racecourse,Horse Racing-use,,GBR,43.488300,-72.456600
Rubber Bowl,Football-use,,USA,41.153700,-81.637400
Rufaro Stadium,Dynamos FC,,ZWE,-17.817800,31.044700
Rutgers Stadium,Rutgers Scarlet Knights,,USA,40.551600,-74.463700
Ryan Field,Northwestern Wildcats,,USA,42.056200,-87.701100
Rynearson Stadium,E. Michigan Eagles,,USA,42.206100,-83.622800
Safeco Field,Seattle Mariners,,USA,47.602600,-122.328400
Salpausselkä,Lahden Hiihtoseura,,FIN,60.966700,25.666700
Saltlake Stadium,Football-use,,IND,22.569700,88.369700
Sam Boyd Stadium,UNLV Rebels,,USA,36.110000,-115.211800
Samen Stadium,Abomoslem Mashhad,,IRN,36.297000,59.606200
Sanford Stadium,Georgia Bulldogs,,USA,42.282300,-73.829400
Sang-am Stadium,FC Seoul,,KOR,37.598500,126.978300
Santa Anita Park,Horse-Racing use,,USA,32.568400,-92.884400
Santiago Bernabeu,Real Madrid CF,,ESP,40.408600,-3.692200
Sarawak Stadium,Sarawak FA,,MYS,1.550000,110.333300
Sardar Patel Stadium,Rajasthan Royals,,IND,23.033300,72.616700
Schauinsland-Reisen-Arena,MSV Duisburg,,DEU,51.433300,6.750000
Scott Stadium,Virginia Cavaliers,,USA,38.098000,-78.396600
Semple Stadium,Tipperary County,,IRL,52.681900,-7.802200
Sepang F1 Circuit,Race-use,,MYS,3.166700,101.700000
SGL Arena,FC Augsburg,,DEU,48.366700,10.883300
Shah Alam Stadium,Selangor FA,,MYS,3.083300,101.533300
Shandong Stadium,Shandong Luneng,,CHN,36.668300,116.997200
Shanghai Int'l Circuit,Race-use,,CHN,31.045600,121.399700
Shanghai Stadium,Multi-use,,CHN,31.045600,121.399700
Shenzhen Stadium,Shenzhen Yihua Jewellery,,CHN,22.533300,114.133300
Sher-e-Bangla Mirpur,Dhaka Gladiators,,BGD,23.723100,90.408600
Shiraz Stadium,Football-use,,IRN,29.603600,52.538800
Signal Iduna Park,Borussia Dortmund,,DEU,51.516700,7.450000
Silverstone Circuit,Race-use,,GBR,52.083300,-1.016700
SKA SKVO Stadion,SKA Rostov-na-Donu,,RUS,47.231300,39.723300
Skelly Field,Tulsa Golden Hurricane,,USA,36.049200,-96.071200
Skymark Stadium,Orix Buffaloes,,JPN,34.691300,135.183000
Soccer City Stadium,Kaizer Chiefs FC,,ZAF,-26.205200,28.049800
Solvalla Travbana,Horse-Racing-use,,SWE,59.333300,18.050000
Spartan Stadium,Michigan State Spartans,,USA,42.762700,-84.442700
Sports Authority Field,Denver Broncos,,USA,39.752500,-104.999500
Sports Direct Arena,Newcastle United,,GBR,-27.758000,29.931800
Spruce Meadows,Horse-jumping-use,,CAN,51.083300,-114.083300
Sree Kanteerava Stadium,HAL SC,,IND,12.983300,77.583300
St. Andrews Stadium,Birmingham City FC,,GBR,33.446800,-86.740400
St. Jakob Park,FC Basel,,CHE,47.558400,7.573300
St. Mary's Stadium,Southampton,,GBR,40.907700,-72.417800
St. Tiernach's Park,Monaghan County,,IRL,54.183300,-7.233300
Stade 19 Mai 1956,USM Annaba,,DZA,36.900000,7.766700
Stade 26 mars,National Stadium,,MLI,12.650000,-8.000000
Stade 5 Juillet 1962,MC Alger,,DZA,36.763100,3.050600
Stade Ahmed Zabana,MC Oran,,DZA,35.691100,-0.641700
Stade Chaban Delmas,FCG Bordeaux,,FRA,44.840400,-0.580500
Stade d'Agadir,Hassania Agadir,,MAR,30.400000,-9.600000
Stade d'Angondjé,National Stadium,,GAB,0.383300,9.450000
Stade d'Honneur,MC Oujda,,MAR,34.686700,-1.911400
Stade de France,National Stadium,,FRA,48.934200,2.354800
Stade de Gerland,Olympique Lyonnais,,FRA,45.748500,4.846700
Stade de l'Amitié,National Stadium,,BEN,6.350000,2.433300
Stade de l'Unité,National Stadium,,GIN,9.509200,-13.712200
Stade de la Beaujoire,FC Nantes,,FRA,47.216500,-1.552400
Stade de la Mosson,Montpellier SC,,FRA,43.610900,3.877200
Stade de la Révolution,National Stadium,,COG,-4.259200,15.284700
Stade de Suisse,BSC Young Boys,,CHE,46.916700,7.466700
Stade des Martyrs,National Stadium,,COD,-4.300000,15.300000
Stade du 4-Août,ASFA Ouagadougou,,BFA,12.370300,-1.524700
Stade El Menzah,Club Africain,,TUN,36.806100,10.171100
Stade F. Kibassa Maliba,AS New Soger,,COD,-11.666700,27.466700
Stade Félix Bollaert,RC Lens,,FRA,50.431200,2.833200
Stade Larbi Zaouli,TAS Casablanca,,MAR,33.592800,-7.619200
Stade Mohamed-Hamlaoui,CS/MO Constantine,,DZA,36.365000,6.614700
Stade Mohammed V,Raja Casablanca,,MAR,33.592800,-7.619200
Stade Moulay Abdellah,FAR Rabat,,MAR,34.013800,-6.844300
Stade Moustapha Tchaker,USM Blida,,DZA,36.468600,2.828900
Stade National,National Stadium,,MRT,18.086400,-15.975300
Stade Vélodrome,Olympique de Marseille,,FRA,43.285400,5.376100
Stadio Arechi,Salernitana Sport,,ITA,40.683300,14.783300
Stadio Artemio Franchi,ACF Fiorentina,,ITA,43.766700,11.250000
Stadio della Vittoria,Multi-use,,ITA,41.133300,16.850000
Stadio Euganeo,Calcio Padova,,ITA,45.416700,11.883300
Stadio Friuli,Udinese Calcio,,ITA,46.061900,13.242200
Stadio Luigi Ferraris,Sampdoria/Genoa,,ITA,44.416700,8.950000
Stadio M. Bentegodi,Hellas Verona/Chievo,,ITA,42.992500,-89.567900
Stadio Olimpico,AS Roma/SS Lazio,,ITA,-29.450000,27.733300
Stadio Renato dall'Ara,Bologna FC 1909,,ITA,44.483300,11.333300
Stadio Renzo Barbera,US Città di Palermo,,ITA,38.116700,13.366700
Stadio San Filippo,ACR Messina,,ITA,-22.351300,30.039600
Stadio San Nicola,AS Bari,,ITA,41.133300,16.850000
Stadio San Paolo,SSC Napoli,,ITA,40.833300,14.250000
Stadio Via del Mare,US Lecce,,ITA,40.383300,18.183300
Stadion Crvena Zvezda,FK Crvena Zvezda,,SRB,44.818600,20.468100
Stadion Dnipro,FK Dnipro,,UKR,48.463000,35.039000
Stadion Feijenoord,Feyenoord,,NLD,51.916700,4.500000
Stadion Lecha,Lech Poznan,,POL,52.416700,16.966700
Stadion Maksimir,NK Dinamo Zagreb,,HRV,45.800000,16.000000
Stadion Metalist,FK Metalist Kharkiv,,UKR,49.980800,36.252700
Stadion Miejski,Slask Wroclaw,,POL,51.100000,17.033300
Stadion NSK Olimpiyskiy,FK Dynamo Kyiv,,UKR,42.904700,133.702200
Stadion Olimpijski,Atlas Wroclaw,,POL,51.100000,17.033300
Stadion Partizana,FK Partizan,,SRB,44.818600,20.468100
Stadion Poljud,HNK Hajduk Split,,HRV,43.513900,16.455800
Stadion Puskás Ferenc,National Stadium,,HUN,47.500000,19.083300
Stadion Shakhtar,FK Metalurh Donetsk,,UKR,47.991700,37.775900
Stadionul Dan Paltinisanu,FC Politehnica,,ROM,45.749400,21.227200
Stadium Ecopa,Shimizu S-Pulse,,JPN,34.976900,138.383100
Stadium Municipal,Toulouse FC,,FRA,43.599500,1.433200
Stadium of Light,Sunderland AFC,,GBR,54.911900,-1.383300
Stadium of Singapore,National Stadium,,SGP,1.293100,103.855800
Stamford Bridge,Chelsea FC,,GBR,-24.766700,30.866700
Stanford Stadium,Stanford Cardinal,,USA,37.515900,-84.681600
Subiaco Oval,West Coast Eagles FC,,AUS,44.898300,-76.244900
Subrata Roy Sahara Stadium,Sahara Pune Warriors,,IND,18.533300,73.866700
Südweststadion,SV Südwest L'hafen,,DEU,49.481100,8.435300
Sükrü Saraçoglu Stadi,Fenerbahçe SK,,TUR,41.018600,28.964700
Sultan Qaboos Complex,National Stadium,,OMN,23.613300,58.593300
Sun Bowl,UTEP Miners,,USA,31.795800,-106.376200
Sun Devil Stadium,ASU Sun Devils,,USA,33.400100,-111.929000
Suncorp Stadium,Brisbane Broncos RLC,,AUS,37.686100,-122.410700
Surelere Stadium,Multi-use,,NGA,6.453100,3.395800
Sydney Cricket Ground,Sydney Swans FC,,AUS,46.150000,-60.166700
Sydney Football Stadium,Sydney Roosters RLC,,AUS,46.150000,-60.166700
Talladega Superspeedway,Race-use,,USA,33.378200,-86.103400
Target Field,Minnesota Twins,,USA,45.005900,-93.430500
TCF Bank Stadium,Minnesota Golden Gophers,,USA,45.005900,-93.430500
TEDA Football Stadium,Tianjin TEDA,,CHN,39.142200,117.176700
Tehelné Pole Stadion,SK Slovan Bratislava,,SVK,48.150000,17.116700
Texas Motor Speedway,Race-use,,USA,32.725700,-97.321400
The Gabba,Brisbane Lions FC,,AUS,37.686100,-122.410700
The Sevens,National Team,,ARE,25.258200,55.304700
Thoroughbred Club,Horse-Racing use,,USA,32.967200,-117.258600
Tianhe Stadium,Guangzhou Evergrande,,CHN,23.116700,113.250000
Tiburcio Carias Andino,National Stadium,,HND,14.100000,-87.216700
Tiger Stadium,LSU Tigers,,USA,30.438600,-91.170300
Tofiq Bakhramov Stadium,FK Baku,,AZE,40.395300,49.882200
Tokyo Dome,Tokyo Yomiuri Giants,,JPN,35.685000,139.751400
Tokyo Racecourse,Horse-Racing use,,JPN,35.685000,139.751400
Tomás Adolfo Ducó,CA Huracán,,ARG,-34.587500,-58.672500
Tsentralnyi Profsoyuz,FK Fakel Woronezh,,RUS,51.672000,39.184300
Tsentralnyi Stadion,FK Rubin Kazan,,RUS,55.788700,49.122100
TT Circuit Assen,Race-use,,NLD,52.994700,6.563200
Tuanku Abdul Rahman,Negeri Sembilan FA,,MYS,2.729700,101.938100
Türk Telekom Arena,Galatasaray SK,,TUR,41.018600,28.964700
Turner Field,Atlanta Braves,,USA,-25.207000,27.565500
Twickenham Stadium,National Team,,GBR,-24.766700,30.866700
U.S. Cellular Field,Chicago White Sox,,USA,41.850000,-87.650000
UB Stadium,Buffalo Bulls,,USA,42.986400,-78.727900
Universiade Memorial,Vissel Kobe,,JPN,34.691300,135.183000
Universiade Stadium,Multi-use,,CHN,22.533300,114.133300
Universidad San Marcos,Universidad San Marcos,,PER,40.798800,-84.131900
Universitário P. Pedrossian,EC Comercial,,BRA,-20.450000,-54.616700
University City Stadium,Guangzhou R&F,,CHN,23.116700,113.250000
University of Phoenix Stadium,Arizona Cardinals,,USA,34.135200,-118.241600
University Stadium,New Mexico Lobos,,USA,35.044100,-106.890400
Vanderbilt Stadium,Vanderbilt Commodores,,USA,36.147300,-86.777000
Vassil Levski Stadion,National Stadium,,BGR,42.683300,23.316700
Vaught-Hemingway Stadium,Ole Miss Rebels,,USA,34.340200,-89.483300
VCA Ground,Cricket-use,,IND,21.150000,79.100000
Veltins Arena,Schalke 04,,DEU,51.516700,7.050000
Veterans Memorial Stadium,Jackson State Tigers,,USA,32.313400,-90.172000
Vicente Calderón,Atlético de Madrid,,ESP,40.408600,-3.692200
Villa Park,Aston Villa,,GBR,33.446800,-86.740400
Vodacom Park,Free State Cheetahs,,ZAF,-29.121100,26.214000
Volkswagen Arena,VfL Wolfsburg,,DEU,52.433300,10.800000
Waldo Stadium,W. Michigan Broncos,,USA,42.354100,-85.547000
Walkers Stadium,Leicester City,,GBR,35.651300,-82.765900
Wallace Wade Stadium,Duke Blue Devils,,USA,35.889600,-78.924400
War Memorial Stadium,Arkansas Razorbacks,,USA,34.746500,-92.289600
Wembley Stadium,National Stadium,,GBR,-24.766700,30.866700
Weserstadion,Werder Bremen,,DEU,41.463100,-86.170100
Westpac Stadium,Wellington Lions RUC,,NZL,41.160900,-82.208500
White Hart Lane,Tottenham Hotspur,,GBR,-24.766700,30.866700
Wielka Krokiew,TS Wisla Zakopane,,POL,49.300000,19.966700
Wildparkstadion,Karlsruher SC,,DEU,49.004700,8.385800
Williams Brice Stadium,S. Carolina Gamecocks,,USA,39.043700,-92.271400
Wirsol Rhein-Neckar-Arena,TSG 1899 Hoffenheim,,DEU,49.255300,8.877200
Woodbine Racetrack,Horse-Racing use,,CAN,40.490300,-80.670900
Workers Stadium,Beijing Guoan,,CHN,39.928900,116.388300
Wrigley Field,Chicago Cubs,,USA,41.850000,-87.650000
Wutaisha Stadium,Nianjing Yoyo,,CHN,32.061700,118.777800
Yadegar e Emam Stadium,Football-use,,IRN,38.080000,46.291900
Yale Bowl,Yale Bulldogs,,USA,41.309400,-72.924000
Yankee Stadium,New York Yankees,,USA,40.752800,-73.972500
Yas Marina Circuit,Race-use,,ARE,24.466700,54.366700
Yellow Dragon Stadium,Hangzhou Greentown,,CHN,30.293600,120.161400
Yizhong Center,Qingdao Jonoon FC,,CHN,36.098600,120.371900
York Racecourse,Horse Racing-use,,GBR,40.002000,-76.683600
Zentralstadion,RB Leipzig,,DEU,51.300000,12.333300
